{"name":"crowdflower_brands-and-product-emotions","title":"Brands and Product Emotions","description":"Judge Emotion About Brands and Products\n\nContributors evaluated tweets about multiple brands and products. The crowd was asked if the tweet expressed positive, negative, or no emotion towards a brand and/or product. If some emotion was expressed they were also asked to say which brand or product was the target of that emotion.   Added: August 30, 2013 by Kent Cavender-Bares | Data Rows: 9093 Download Now\n\nSource: https://www.crowdflower.com/data-for-everyone/","homepage":"https://data.world/crowdflower/brands-and-product-emotions","license":"Public Domain","resources":[{"name":"judge_1377884607_tweet_product_company","schema":{"fields":[{"name":"tweet_text","title":"tweet_text","type":"string","rdfType":"http://www.w3.org/2001/XMLSchema#string","dwSourceId":"tweet_text"},{"name":"emotion_in_tweet_is_directed_at","title":"emotion_in_tweet_is_directed_at","type":"string","rdfType":"http://www.w3.org/2001/XMLSchema#string","dwSourceId":"emotion_in_tweet_is_directed_at"},{"name":"is_there_an_emotion_directed_at_a_brand_or_product","title":"is_there_an_emotion_directed_at_a_brand_or_product","type":"string","rdfType":"http://www.w3.org/2001/XMLSchema#string","dwSourceId":"is_there_an_emotion_directed_at_a_brand_or_product"}]},"path":"data/judge_1377884607_tweet_product_company.csv","format":"csv"},{"name":"original/judge-1377884607_tweet_product_company.csv","path":"original/judge-1377884607_tweet_product_company.csv","format":"csv","mediatype":"text/csv","bytes":1260464}],"keywords":["crowdsourced","emotions","twitter","sentiment","brands","products"]}